id,first_name,last_name,email,gender,ip_address
1,Grata,Palombi,gpalombi0@pcworld.com,Female,13.172.88.218
2,Wallas,Archbould,warchbould1@imageshack.us,Male,221.125.61.149
3,Toni,Daine,tdaine2@myspace.com,Female,130.108.216.143
4,Leann,Bennington,lbennington3@newsvine.com,Female,1.59.103.214
5,Manfred,Corroyer,mcorroyer4@tinypic.com,Male,113.172.219.172
6,Gretel,Belle,gbelle5@hud.gov,Female,238.194.229.163
7,Sari,Nixon,snixon6@about.me,Female,161.91.12.36
8,Baryram,Danton,bdanton7@diigo.com,Male,104.137.66.194
9,Keenan,Farnall,kfarnall8@blog.com,Male,193.27.84.12
10,Toni,Schultze,tschultze9@stumbleupon.com,Female,159.7.154.217
11,Kristopher,Janaszewski,kjanaszewskia@howstuffworks.com,Male,246.143.30.81
12,Kaleb,Labbet,klabbetb@sun.com,Male,147.138.137.36
13,Zitella,Chicken,zchickenc@examiner.com,Female,213.78.62.214
14,Eddi,Schettini,eschettinid@nymag.com,Female,37.201.101.87
15,Maria,Adrienne,madriennee@mayoclinic.com,Female,80.111.129.146
16,Giustino,Kenen,gkenenf@jiathis.com,Male,114.158.141.46
17,Tim,Grouer,tgrouerg@utexas.edu,Male,231.119.30.17
18,Kinnie,Gaunter,kgaunterh@cbc.ca,Male,18.118.117.82
19,Diandra,Simonsen,dsimonseni@miitbeian.gov.cn,Female,14.0.39.217
20,Lek,MacCartair,lmaccartairj@nba.com,Male,144.213.195.83
21,Mela,Goseling,mgoselingk@uol.com.br,Female,101.238.216.250
22,Jae,Casaccia,jcasaccial@pen.io,Male,119.190.30.23
23,Page,Corley,pcorleym@clickbank.net,Female,198.201.85.181
24,King,D'Ambrosi,kdambrosin@shutterfly.com,Male,194.59.245.167
25,Zebulen,Adriani,zadrianio@usda.gov,Male,234.245.236.20
26,Burty,Miliffe,bmiliffep@blog.com,Male,21.138.51.219
27,Doretta,Grimmert,dgrimmertq@house.gov,Female,174.221.166.176
28,Iver,Castellaccio,icastellaccior@moonfruit.com,Male,198.172.197.75
29,Gare,Warricker,gwarrickers@bandcamp.com,Male,1.81.29.242
30,Cari,Hegge,chegget@google.co.uk,Female,196.82.129.239
31,Nicky,Coppens,ncoppensu@google.co.uk,Male,139.48.54.152
32,Washington,Drinkhill,wdrinkhillv@tamu.edu,Male,56.194.92.40
33,Sisile,Bestar,sbestarw@freewebs.com,Female,59.42.38.247
34,Buck,Hasty,bhastyx@amazon.com,Male,83.167.150.158
35,Robbie,Chesshyre,rchesshyrey@php.net,Female,41.9.90.245
36,Vernon,Chugg,vchuggz@over-blog.com,Male,92.233.110.187
37,Danni,Kalkofen,dkalkofen10@amazonaws.com,Female,8.156.220.36
38,Kakalina,Wallach,kwallach11@1und1.de,Female,16.129.234.162
39,Ronald,Leeke,rleeke12@google.com.hk,Male,60.95.69.75
40,Cordula,Baudic,cbaudic13@earthlink.net,Female,123.48.248.220
41,Jan,Havick,jhavick14@deviantart.com,Male,91.103.220.29
42,Hollis,Bayley,hbayley15@hao123.com,Male,136.92.251.210
43,Charleen,Erni,cerni16@berkeley.edu,Female,110.110.207.37
44,Lin,Spreadbury,lspreadbury17@dion.ne.jp,Female,59.128.163.76
45,Gerianne,Bevar,gbevar18@latimes.com,Female,164.178.182.246
46,Sofie,Maughan,smaughan19@hc360.com,Female,23.237.139.161
47,Prissie,Spurdens,pspurdens1a@mlb.com,Female,180.32.229.182
48,Jolene,Mellhuish,jmellhuish1b@twitpic.com,Female,53.174.214.204
49,Meredeth,Hanratty,mhanratty1c@tamu.edu,Male,161.32.67.182
50,Rafi,Malling,rmalling1d@census.gov,Male,112.168.131.209