id,first_name,last_name,email,gender,ip_address
1,Myer,Batchan,mbatchan0@businessweek.com,Male,241.148.238.2
2,Elvira,Djokovic,edjokovic1@wired.com,Female,84.98.106.67
3,Rancell,Dammarell,rdammarell2@delicious.com,Male,70.246.206.108
4,Anestassia,Caulkett,acaulkett3@google.com.au,Female,150.159.222.110
5,Sunny,Farragher,sfarragher4@360.cn,Male,107.211.247.233
6,Tani,Pierton,tpierton5@statcounter.com,Female,117.113.234.152
7,Lucine,Korpal,lkorpal6@hostgator.com,Female,141.60.116.75
8,Cassondra,Houten,chouten7@yandex.ru,Female,186.80.29.208
9,Marietta,Fisk,mfisk8@ihg.com,Female,132.64.235.208
10,Eleanore,Inchcomb,einchcomb9@51.la,Female,231.64.171.131
11,Janene,Marzelo,jmarzeloa@usgs.gov,Female,187.225.203.89
12,Dall,McGivena,dmcgivenab@auda.org.au,Male,9.152.55.100
13,Moyra,Kurth,mkurthc@cornell.edu,Female,47.166.28.112
14,Eleonore,Kezor,ekezord@livejournal.com,Female,40.119.42.185
15,Ruthy,Valek,rvaleke@hostgator.com,Female,194.17.239.165
16,Cecilio,Paterno,cpaternof@biblegateway.com,Male,169.39.185.153
17,Christean,Mapledoram,cmapledoramg@army.mil,Female,182.224.186.151
18,Sigfried,Gauthorpp,sgauthorpph@hostgator.com,Male,134.207.75.195
19,Tanny,Mealing,tmealingi@posterous.com,Male,108.246.194.30
20,Pepe,Marte,pmartej@blogspot.com,Male,59.118.253.105
21,Shelton,Fearnehough,sfearnehoughk@mozilla.com,Male,169.67.154.150
22,Arlina,Endecott,aendecottl@123-reg.co.uk,Female,93.60.101.252
23,Kayne,Highton,khightonm@myspace.com,Male,199.42.142.114
24,Yovonnda,Gleeton,ygleetonn@cafepress.com,Female,107.252.12.111
25,Ronald,Plumbley,rplumbleyo@archive.org,Male,67.207.36.168
26,Jenn,Prestwich,jprestwichp@cnbc.com,Female,87.201.47.204
27,Veda,Tee,vteeq@gmpg.org,Female,117.243.92.103
28,Aila,Nowaczyk,anowaczykr@ihg.com,Female,159.148.98.133
29,Doroteya,Futter,dfutters@goodreads.com,Female,226.146.246.30
30,Leena,Justham,ljusthamt@tmall.com,Female,255.226.80.237
31,Gabbi,Clemenson,gclemensonu@mtv.com,Female,236.203.226.145
32,Clair,Kinlock,ckinlockv@spotify.com,Female,246.18.54.66
33,Avie,Osipenko,aosipenkow@gnu.org,Female,176.15.119.49
34,Isabeau,Dimbylow,idimbylowx@histats.com,Female,218.224.178.103
35,Rachel,Autry,rautryy@sphinn.com,Female,206.234.120.125
36,Blakelee,Domb,bdombz@last.fm,Female,64.221.184.91
37,Lorant,Gwyn,lgwyn10@simplemachines.org,Male,196.101.9.83
38,Suzanna,Pretswell,spretswell11@chicagotribune.com,Female,115.220.157.62
39,Terrell,Skilbeck,tskilbeck12@webmd.com,Male,143.22.243.71
40,Gregory,Tomasutti,gtomasutti13@foxnews.com,Male,66.188.100.211
41,Bill,Coase,bcoase14@miibeian.gov.cn,Female,5.193.111.247
42,Lennie,Meale,lmeale15@rambler.ru,Male,215.220.132.50
43,Hazel,Cummungs,hcummungs16@yahoo.co.jp,Male,46.136.74.1
44,Trude,Jirek,tjirek17@si.edu,Female,69.2.86.75
45,Bartholomeus,Fellon,bfellon18@zimbio.com,Male,156.80.244.159
46,Perkin,Bernhard,pbernhard19@china.com.cn,Male,73.162.31.76
47,Averill,Vergine,avergine1a@cam.ac.uk,Male,7.67.28.107
48,Druci,Beausang,dbeausang1b@oakley.com,Female,195.235.44.107
49,Ado,Trahair,atrahair1c@foxnews.com,Male,76.114.39.102
50,Arte,Maryan,amaryan1d@stanford.edu,Male,128.8.209.161
51,Benni,Bomb,bbomb1e@qq.com,Female,133.242.135.212
52,Zarla,Priddis,zpriddis1f@intel.com,Female,246.170.43.208
53,Phineas,Hearst,phearst1g@wikispaces.com,Male,116.206.173.154
54,Evelyn,Cliss,ecliss1h@phpbb.com,Male,176.191.130.222
55,Gannie,Carlsson,gcarlsson1i@loc.gov,Male,147.176.182.124
56,Rawley,Adran,radran1j@fastcompany.com,Male,19.141.129.145
57,Pepe,Ruppelin,pruppelin1k@altervista.org,Male,63.81.149.21
58,Sabina,Boerder,sboerder1l@jimdo.com,Female,175.105.59.147
59,Jeanelle,Dalgardno,jdalgardno1m@topsy.com,Female,255.130.20.14
60,Jana,Wescott,jwescott1n@wordpress.com,Female,144.37.41.68
61,Jennica,Giannassi,jgiannassi1o@ebay.co.uk,Female,138.91.25.167
62,Derrek,Lawling,dlawling1p@hp.com,Male,206.216.1.85
63,Forster,Noli,fnoli1q@elpais.com,Male,206.90.23.149
64,Vanni,Dungate,vdungate1r@independent.co.uk,Female,136.33.81.216
65,Arlene,Rickerby,arickerby1s@multiply.com,Female,164.151.228.82
66,Gabe,Ornelas,gornelas1t@stanford.edu,Male,18.183.52.94
67,Lorenzo,McNeilly,lmcneilly1u@clickbank.net,Male,139.173.227.168
68,Evangelina,Antonoyev,eantonoyev1v@accuweather.com,Female,129.104.106.70
69,Daloris,Bonifas,dbonifas1w@myspace.com,Female,21.19.191.188
70,Whitney,Coughtrey,wcoughtrey1x@cocolog-nifty.com,Male,204.130.164.9
71,Letta,Baldi,lbaldi1y@home.pl,Female,206.85.16.98
72,Evelyn,Gillise,egillise1z@marketwatch.com,Male,239.97.239.161
73,Orelle,Colquete,ocolquete20@quantcast.com,Female,116.150.199.214
74,Jarrett,Musico,jmusico21@jigsy.com,Male,81.58.45.18
75,Cindy,Matejovsky,cmatejovsky22@infoseek.co.jp,Female,109.90.23.21
76,Damiano,Jane,djane23@fc2.com,Male,148.96.190.2
77,Aila,Tieraney,atieraney24@cisco.com,Female,100.8.11.161
78,Saudra,Olanda,solanda25@sciencedirect.com,Female,163.73.207.118
79,Kearney,Corkill,kcorkill26@harvard.edu,Male,16.164.16.182
80,Christophorus,Urquhart,curquhart27@oakley.com,Male,61.199.35.254
81,Timmie,Mansion,tmansion28@vk.com,Male,43.0.198.131
82,Amie,Tatton,atatton29@miitbeian.gov.cn,Female,31.78.73.213
83,Auberon,Corkan,acorkan2a@123-reg.co.uk,Male,58.104.194.243
84,Buddie,Schruurs,bschruurs2b@icio.us,Male,236.39.181.216
85,Edee,Kohter,ekohter2c@cornell.edu,Female,95.54.141.65
86,Raffarty,Wyldbore,rwyldbore2d@yolasite.com,Male,80.97.102.239
87,Teirtza,Peasee,tpeasee2e@patch.com,Female,37.23.145.216
88,Bridget,Roiz,broiz2f@soundcloud.com,Female,245.109.68.108
89,Felizio,Marages,fmarages2g@clickbank.net,Male,25.117.35.188
90,Merrili,Bolderoe,mbolderoe2h@usatoday.com,Female,86.228.9.4
91,Vitoria,Sherrard,vsherrard2i@bloglines.com,Female,191.31.62.83
92,Petronille,Messier,pmessier2j@t.co,Female,101.164.100.159
93,Lani,De Francisci,ldefrancisci2k@fda.gov,Female,60.155.173.62
94,Cos,Medlin,cmedlin2l@sciencedaily.com,Male,75.130.203.80
95,Trixie,Grinsdale,tgrinsdale2m@wikia.com,Female,138.136.191.216
96,Kaye,Jirsa,kjirsa2n@about.com,Female,50.66.231.110
97,Rosanna,Pickhaver,rpickhaver2o@nationalgeographic.com,Female,114.137.37.1
98,Rorke,Biaggioli,rbiaggioli2p@w3.org,Male,78.28.27.133
99,Brandie,Truett,btruett2q@google.es,Female,208.71.229.19
100,Renato,Halley,rhalley2r@blogspot.com,Male,214.32.181.210
101,Sula,Danford,sdanford2s@webeden.co.uk,Female,231.204.250.68
102,Lorne,Giovannilli,lgiovannilli2t@illinois.edu,Female,199.33.239.44
103,Bertram,Kennedy,bkennedy2u@booking.com,Male,144.25.140.14
104,Lanette,Lauritsen,llauritsen2v@google.es,Female,118.17.240.227
105,Maye,Clamp,mclamp2w@kickstarter.com,Female,110.180.213.202
106,Ivan,Boughtflower,iboughtflower2x@unc.edu,Male,84.51.177.180
107,Rosemarie,Duffil,rduffil2y@miibeian.gov.cn,Female,243.104.84.87
108,Drucy,Izod,dizod2z@cbslocal.com,Female,33.109.192.9
109,Chrissy,Beevors,cbeevors30@pagesperso-orange.fr,Male,74.161.15.18
110,Orazio,Tregunnah,otregunnah31@nasa.gov,Male,199.229.90.240
111,Lanie,Grzes,lgrzes32@webmd.com,Female,217.162.22.161
112,Addison,Woodnutt,awoodnutt33@pcworld.com,Male,40.194.136.112
113,Rene,Southby,rsouthby34@sphinn.com,Female,93.209.73.250
114,Ann-marie,Slaney,aslaney35@nbcnews.com,Female,238.230.138.252
115,Valentine,Tomisch,vtomisch36@dropbox.com,Female,208.187.35.48
116,Phyllys,Brittin,pbrittin37@admin.ch,Female,129.207.238.16
117,Vincenz,Lain,vlain38@bloomberg.com,Male,175.235.175.37
118,Flynn,Varnham,fvarnham39@spotify.com,Male,55.155.46.39
119,Virgie,Ronca,vronca3a@wsj.com,Male,249.176.26.232
120,Jarvis,Opy,jopy3b@tamu.edu,Male,152.29.126.191
121,Yulma,Pancost,ypancost3c@nps.gov,Male,99.18.62.118
122,Gan,Ivett,givett3d@netlog.com,Male,188.204.9.42
123,Gretna,Tissington,gtissington3e@wikia.com,Female,43.173.216.46
124,Alexander,Corkish,acorkish3f@purevolume.com,Male,107.99.70.32
125,Lana,Furmage,lfurmage3g@ox.ac.uk,Female,236.30.248.65
126,Caesar,Digg,cdigg3h@cnn.com,Male,115.150.49.48
127,Arel,Beedie,abeedie3i@360.cn,Male,136.141.58.125
128,Ike,Mardee,imardee3j@sciencedaily.com,Male,22.121.78.188
129,Barrie,Burdon,bburdon3k@google.ca,Female,83.203.53.135
130,Maxie,Tumioto,mtumioto3l@sciencedirect.com,Female,33.91.227.99
131,Erhard,Cortnay,ecortnay3m@ucla.edu,Male,85.127.106.161
132,Hermann,Wetherby,hwetherby3n@jugem.jp,Male,226.227.132.99
133,Nicol,Ireson,nireson3o@imageshack.us,Female,255.66.17.3
134,Eugene,Gresly,egresly3p@weather.com,Male,213.148.53.230
135,Cordy,Colvie,ccolvie3q@jigsy.com,Female,139.117.156.95
136,Oberon,Sloane,osloane3r@g.co,Male,234.105.112.112
137,Noak,Vian,nvian3s@reddit.com,Male,125.174.208.153
138,Louise,Pickworth,lpickworth3t@freewebs.com,Female,223.213.195.106
139,Maddy,Cardenosa,mcardenosa3u@jiathis.com,Male,251.102.127.136
140,Rafe,Orrocks,rorrocks3v@google.com.au,Male,135.194.165.19
141,Hadleigh,Halpin,hhalpin3w@about.me,Male,1.100.247.126
142,Jennie,Magovern,jmagovern3x@stanford.edu,Female,213.27.251.222
143,Karita,Austins,kaustins3y@slate.com,Female,64.140.253.119
144,Abdul,Roddie,aroddie3z@nature.com,Male,53.63.48.210
145,Zane,Figliovanni,zfigliovanni40@technorati.com,Male,141.84.158.74
146,Adamo,Garms,agarms41@rediff.com,Male,220.43.99.41
147,Neda,Wonter,nwonter42@epa.gov,Female,214.41.60.202
148,Jim,Cristofori,jcristofori43@ebay.co.uk,Male,157.189.140.0
149,Isacco,Davidowsky,idavidowsky44@acquirethisname.com,Male,126.221.76.101
150,Audre,Britt,abritt45@github.io,Female,251.182.219.11
151,Earlie,Clutton,eclutton46@yellowpages.com,Male,255.222.142.247
152,Moina,Tytler,mtytler47@slideshare.net,Female,250.37.246.90
153,Lane,Snaddon,lsnaddon48@tumblr.com,Male,245.24.194.114
154,Vidovik,Showen,vshowen49@uol.com.br,Male,128.190.73.37
155,Emma,Wyd,ewyd4a@joomla.org,Female,95.152.207.46
156,Broddie,Vause,bvause4b@seesaa.net,Male,13.171.102.116
157,Jamesy,Dennant,jdennant4c@pagesperso-orange.fr,Male,206.213.196.168
158,Haily,Chorlton,hchorlton4d@ca.gov,Female,204.106.156.130
159,Johna,Stollman,jstollman4e@shop-pro.jp,Female,187.138.217.218
160,Gavan,McCrackan,gmccrackan4f@uiuc.edu,Male,46.146.230.94
161,Mal,Warlaw,mwarlaw4g@theguardian.com,Male,137.87.68.124
162,Shanna,Matthiesen,smatthiesen4h@tumblr.com,Female,15.116.223.182
163,Farly,Gilligan,fgilligan4i@meetup.com,Male,251.15.49.38
164,Sancho,Takkos,stakkos4j@tmall.com,Male,93.98.149.33
165,Enid,Rayhill,erayhill4k@parallels.com,Female,102.55.88.233
166,Brody,Dafydd,bdafydd4l@go.com,Male,144.55.245.92
167,Eileen,Habbert,ehabbert4m@chicagotribune.com,Female,218.6.191.69
168,Minny,Leele,mleele4n@xinhuanet.com,Female,219.210.88.140
169,Winifred,Estoile,westoile4o@elegantthemes.com,Female,41.38.220.2
170,Chucho,De Rye Barrett,cderyebarrett4p@sogou.com,Male,121.53.53.233
171,Horacio,Atto,hatto4q@examiner.com,Male,60.50.189.34
172,Claudie,Holleworth,cholleworth4r@berkeley.edu,Female,247.8.152.162
173,Trevar,Powderham,tpowderham4s@i2i.jp,Male,76.65.154.124
174,Merlina,Haddington,mhaddington4t@upenn.edu,Female,218.154.153.72
175,Clemmy,Carillo,ccarillo4u@zimbio.com,Female,95.56.13.189
176,Romeo,Carrol,rcarrol4v@hubpages.com,Male,1.131.139.164
177,Heidie,Sansbury,hsansbury4w@go.com,Female,43.125.254.242
178,Wang,Porteous,wporteous4x@vinaora.com,Male,220.230.117.219
179,Averell,Jurisch,ajurisch4y@cnbc.com,Male,187.220.136.114
180,Bonni,Mapledoore,bmapledoore4z@netscape.com,Female,195.128.123.249
181,Shannah,Cramond,scramond50@google.co.uk,Female,235.228.35.167
182,Xenos,Le Houx,xlehoux51@hao123.com,Male,202.173.192.229
183,Maggi,Ruberry,mruberry52@ucsd.edu,Female,248.34.166.104
184,Cordie,Bracer,cbracer53@hatena.ne.jp,Female,101.45.158.204
185,Kathlin,O'Heneghan,koheneghan54@gizmodo.com,Female,168.43.119.115
186,Nanon,Jeffcoate,njeffcoate55@wsj.com,Female,161.68.125.114
187,Jolee,Risborough,jrisborough56@networksolutions.com,Female,91.49.237.76
188,Adi,Spensley,aspensley57@prnewswire.com,Female,158.182.49.220
189,Cosimo,Hacksby,chacksby58@businessweek.com,Male,57.13.111.10
190,Currie,Marrill,cmarrill59@wikipedia.org,Male,249.251.143.121
191,Barby,Oldis,boldis5a@wsj.com,Female,70.42.211.203
192,Bryan,Lissandri,blissandri5b@delicious.com,Male,151.246.37.203
193,Ibrahim,MacKeever,imackeever5c@theguardian.com,Male,219.80.154.120
194,Ware,Kryszkiecicz,wkryszkiecicz5d@seesaa.net,Male,126.129.159.5
195,Neddie,Wellington,nwellington5e@hc360.com,Male,197.158.210.63
196,Hillel,Dran,hdran5f@nasa.gov,Male,173.24.205.112
197,Genevieve,Boulstridge,gboulstridge5g@aol.com,Female,237.88.102.254
198,Man,Doers,mdoers5h@topsy.com,Male,87.188.42.63
199,Elfrida,Tavener,etavener5i@ftc.gov,Female,82.152.188.126
200,Natalya,Mordon,nmordon5j@feedburner.com,Female,152.3.151.204
201,Thane,Atthowe,tatthowe5k@unesco.org,Male,146.210.169.42
202,Ilyssa,Kirrage,ikirrage5l@google.com.hk,Female,122.208.228.145
203,Rhoda,Barnicott,rbarnicott5m@hp.com,Female,191.76.60.199
204,Valma,Whitman,vwhitman5n@squarespace.com,Female,8.105.179.187
205,George,Riste,griste5o@reuters.com,Female,125.201.222.52
206,Joya,MacKeague,jmackeague5p@ocn.ne.jp,Female,64.222.102.32
207,Jessika,Maxstead,jmaxstead5q@gizmodo.com,Female,40.239.98.150
208,Ralina,Goricke,rgoricke5r@admin.ch,Female,229.72.38.153
209,Nanette,Drewson,ndrewson5s@myspace.com,Female,160.52.22.206
210,Tootsie,McWhorter,tmcwhorter5t@topsy.com,Female,93.49.30.150
211,Edy,Duckham,educkham5u@infoseek.co.jp,Female,7.150.211.239
212,Lucretia,Peeke-Vout,lpeekevout5v@typepad.com,Female,12.119.8.209
213,Uriah,Kenningley,ukenningley5w@people.com.cn,Male,212.50.86.167
214,Kym,Skin,kskin5x@europa.eu,Female,11.212.99.189
215,Gale,Leidl,gleidl5y@eventbrite.com,Female,76.140.49.37
216,Marianne,Hagwood,mhagwood5z@ucoz.ru,Female,177.93.2.107
217,Richie,Yusupov,ryusupov60@si.edu,Male,50.188.222.97
218,Briant,Cadany,bcadany61@meetup.com,Male,174.172.26.14
219,Wilhelm,Brumfield,wbrumfield62@mozilla.org,Male,96.131.24.146
220,Cathlene,Thomazin,cthomazin63@exblog.jp,Female,101.246.238.229
221,Marcille,Tolle,mtolle64@amazon.co.uk,Female,79.193.174.113
222,Corrina,Dowtry,cdowtry65@nhs.uk,Female,121.133.176.74
223,Ariadne,Whitehouse,awhitehouse66@wsj.com,Female,65.227.71.189
224,Murdock,Kurdani,mkurdani67@shutterfly.com,Male,63.23.2.236
225,Barnaby,Rowswell,browswell68@infoseek.co.jp,Male,9.13.163.69
226,Gerhardine,Coper,gcoper69@cpanel.net,Female,117.17.84.235
227,Sherill,Skyram,sskyram6a@china.com.cn,Female,81.6.2.246
228,Sayer,Paye,spaye6b@sogou.com,Male,182.63.34.207
229,Rab,Barnshaw,rbarnshaw6c@netscape.com,Male,87.4.157.234
230,Chauncey,Peevor,cpeevor6d@cyberchimps.com,Male,250.163.160.253
231,Arlana,Colbran,acolbran6e@i2i.jp,Female,147.213.86.119
232,Odele,Hellard,ohellard6f@cafepress.com,Female,60.180.56.188
233,Gan,Gavini,ggavini6g@moonfruit.com,Male,70.64.198.103
234,Jarrod,Ritchie,jritchie6h@kickstarter.com,Male,211.6.105.32
235,Carling,Toquet,ctoquet6i@deviantart.com,Male,38.93.176.170
236,Ignatius,Kellart,ikellart6j@tumblr.com,Male,103.63.79.48
237,Arabele,Demare,ademare6k@google.co.uk,Female,46.51.89.175
238,Cathrine,Snarie,csnarie6l@macromedia.com,Female,239.223.207.5
239,Benjamen,Drysdell,bdrysdell6m@amazon.de,Male,165.100.11.33
240,Haywood,McCook,hmccook6n@forbes.com,Male,74.176.98.151
241,Chick,Beneze,cbeneze6o@virginia.edu,Male,247.235.199.44
242,Joana,Maggiore,jmaggiore6p@washingtonpost.com,Female,25.102.147.82
243,Roderich,Eley,reley6q@ucla.edu,Male,42.61.37.170
244,Theodore,Filde,tfilde6r@biglobe.ne.jp,Male,96.184.241.0
245,Jodie,Reaney,jreaney6s@oakley.com,Male,92.45.53.131
246,Betsey,Hindenburg,bhindenburg6t@indiegogo.com,Female,51.201.207.48
247,Vinny,Allabarton,vallabarton6u@dell.com,Female,22.136.27.130
248,Nick,Germain,ngermain6v@constantcontact.com,Male,235.139.12.56
249,Jacinda,Morde,jmorde6w@mlb.com,Female,140.13.136.229
250,Lonna,Reynalds,lreynalds6x@uol.com.br,Female,196.42.248.157
251,Galven,Farlam,gfarlam6y@opera.com,Male,3.50.222.18
252,Rem,Morshead,rmorshead6z@toplist.cz,Male,66.184.41.43
253,Damien,Cullin,dcullin70@is.gd,Male,136.144.172.47
254,Estelle,O'Sheils,eosheils71@sogou.com,Female,187.215.40.115
255,Callean,Illsley,cillsley72@google.it,Male,113.247.90.219
256,Vidovic,Draco,vdraco73@hp.com,Male,116.227.205.110
257,Fionnula,Monckton,fmonckton74@state.tx.us,Female,163.21.104.49
258,Umeko,Headings,uheadings75@desdev.cn,Female,133.182.65.239
259,Lynsey,McConville,lmcconville76@oaic.gov.au,Female,129.75.166.130
260,Morgen,Vallintine,mvallintine77@google.com,Female,199.32.128.218
261,Gretna,Igglesden,gigglesden78@fc2.com,Female,145.138.71.194
262,Nan,Ludvigsen,nludvigsen79@epa.gov,Female,213.209.17.87
263,Charmine,Larret,clarret7a@wisc.edu,Female,225.59.32.124
264,Rozele,Pallis,rpallis7b@twitter.com,Female,39.56.95.162
265,Maure,Fausch,mfausch7c@vimeo.com,Female,6.158.187.59
266,Missy,Kupker,mkupker7d@who.int,Female,121.179.13.93
267,Rochester,Matley,rmatley7e@amazon.de,Male,197.203.253.251
268,Chadwick,Nurden,cnurden7f@histats.com,Male,13.36.110.252
269,Misty,Vlies,mvlies7g@com.com,Female,136.122.162.218
270,Aili,Abrahamian,aabrahamian7h@naver.com,Female,158.37.16.163
271,Emmery,Ruppeli,eruppeli7i@163.com,Male,178.157.232.252
272,Noelle,Orman,norman7j@washington.edu,Female,31.21.75.159
273,Cory,Hudel,chudel7k@umich.edu,Female,148.108.106.78
274,Elke,Scough,escough7l@marriott.com,Female,48.180.203.246
275,Amalle,Bonfield,abonfield7m@lulu.com,Female,168.162.136.248
276,Rosmunda,Halse,rhalse7n@tinyurl.com,Female,152.182.113.202
277,Pernell,Moorman,pmoorman7o@mediafire.com,Male,93.35.214.146
278,Vic,Rapper,vrapper7p@icq.com,Male,120.46.135.71
279,Thorpe,Jamison,tjamison7q@craigslist.org,Male,226.193.134.176
280,Carissa,Van Dijk,cvandijk7r@intel.com,Female,26.50.36.184
281,Eugenie,Warren,ewarren7s@sciencedirect.com,Female,235.27.166.110
282,Emmett,McCudden,emccudden7t@dailymotion.com,Male,101.27.210.233
283,Layton,Backson,lbackson7u@prnewswire.com,Male,9.84.113.102
284,Cathee,Cardus,ccardus7v@nbcnews.com,Female,250.101.8.53
285,Gael,Tregidgo,gtregidgo7w@comsenz.com,Male,26.168.91.17
286,Guglielmo,Wardrop,gwardrop7x@china.com.cn,Male,94.31.66.237
287,Oralla,Saggers,osaggers7y@discuz.net,Female,153.72.140.233
288,Adrianne,Martynka,amartynka7z@engadget.com,Female,73.64.243.95
289,Elwood,Gwatkins,egwatkins80@gizmodo.com,Male,148.185.43.46
290,Gretal,Pumfrett,gpumfrett81@apache.org,Female,118.193.28.81
291,Ned,Freda,nfreda82@ucoz.ru,Male,107.104.12.92
292,Hamlin,Rowswell,hrowswell83@imgur.com,Male,244.159.131.8
293,Mead,Baldelli,mbaldelli84@slate.com,Female,62.7.79.65
294,Vinny,Creighton,vcreighton85@google.com.hk,Male,20.104.241.145
295,Ursa,Pawellek,upawellek86@reddit.com,Female,210.45.76.118
296,Reube,Illsley,rillsley87@scribd.com,Male,37.153.131.71
297,Olly,Bugge,obugge88@live.com,Male,73.16.68.145
298,Selestina,Mamwell,smamwell89@soundcloud.com,Female,106.144.201.46
299,Shayna,McLarnon,smclarnon8a@marriott.com,Female,14.253.234.199
300,Emmalynne,Dinesen,edinesen8b@state.gov,Female,112.169.141.178
301,Janetta,Deerness,jdeerness8c@about.com,Female,89.118.35.192
302,Kalle,Maestro,kmaestro8d@dagondesign.com,Male,47.135.173.35
303,Shurwood,Avesque,savesque8e@cargocollective.com,Male,87.92.14.111
304,Friederike,Kohlert,fkohlert8f@soundcloud.com,Female,220.69.84.22
305,Berty,McKue,bmckue8g@oracle.com,Male,189.175.241.196
306,Stephan,Carek,scarek8h@hugedomains.com,Male,177.120.109.183
307,Avram,Morcomb,amorcomb8i@dedecms.com,Male,251.224.169.241
308,Sayre,Crucitti,scrucitti8j@bloglines.com,Male,214.194.227.113
309,Lebbie,Carvill,lcarvill8k@storify.com,Female,206.135.61.60
310,Hammad,Kordt,hkordt8l@1und1.de,Male,98.123.66.119
311,Sauncho,Van,svan8m@1688.com,Male,125.255.113.106
312,Francklyn,MacKilroe,fmackilroe8n@printfriendly.com,Male,141.35.131.172
313,Essie,Hallworth,ehallworth8o@ted.com,Female,220.197.120.83
314,Antony,Clewes,aclewes8p@redcross.org,Male,217.66.45.132
315,Miles,Bleakman,mbleakman8q@canalblog.com,Male,35.241.76.142
316,Milton,Enderwick,menderwick8r@europa.eu,Male,199.197.134.35
317,Robby,Cansfield,rcansfield8s@nature.com,Male,75.4.5.185
318,Alessandro,Dragon,adragon8t@mashable.com,Male,201.141.12.1
319,Perl,Ashard,pashard8u@samsung.com,Female,210.251.247.174
320,Connor,Edworthy,cedworthy8v@geocities.jp,Male,98.24.23.2
321,Loy,Carillo,lcarillo8w@harvard.edu,Male,197.214.187.13
322,Evelina,Henighan,ehenighan8x@soundcloud.com,Female,37.21.113.76
323,Oren,Braybrooke,obraybrooke8y@gnu.org,Male,50.141.138.2
324,Roger,Samarth,rsamarth8z@pagesperso-orange.fr,Male,86.151.141.87
325,Guthrey,Buglass,gbuglass90@networksolutions.com,Male,193.243.66.211
326,Louis,Camplejohn,lcamplejohn91@blogtalkradio.com,Male,189.201.16.42
327,Ulla,Lower,ulower92@howstuffworks.com,Female,198.66.201.251
328,Trista,Mattiazzo,tmattiazzo93@lulu.com,Female,232.155.148.154
329,Bernete,Muzzlewhite,bmuzzlewhite94@taobao.com,Female,156.214.235.103
330,Kimbell,Calderon,kcalderon95@princeton.edu,Male,28.107.59.214
331,Tommie,Braithwait,tbraithwait96@domainmarket.com,Male,146.244.50.152
332,Germayne,Claxton,gclaxton97@google.de,Male,58.118.63.229
333,Porter,Gerrell,pgerrell98@xrea.com,Male,37.47.199.13
334,Lind,Goldman,lgoldman99@yelp.com,Male,73.131.178.224
335,Lyn,OIlier,loilier9a@phpbb.com,Female,188.163.124.176
336,Constantia,Fernyhough,cfernyhough9b@miitbeian.gov.cn,Female,36.95.27.179
337,Phelia,Coultas,pcoultas9c@seattletimes.com,Female,244.24.207.195
338,Abdul,Moule,amoule9d@un.org,Male,176.91.63.225
339,Diana,Rizzelli,drizzelli9e@usgs.gov,Female,74.44.179.249
340,Morgen,Darkott,mdarkott9f@netscape.com,Male,255.93.244.150
341,Fernanda,Sanger,fsanger9g@auda.org.au,Female,188.1.244.158
342,Jephthah,Tynan,jtynan9h@over-blog.com,Male,157.220.108.229
343,Bev,Sherman,bsherman9i@linkedin.com,Male,45.140.164.51
344,Hazel,Stefi,hstefi9j@toplist.cz,Male,154.189.124.170
345,Sim,McKeachie,smckeachie9k@dmoz.org,Male,110.155.136.64
346,Monica,Norster,mnorster9l@wsj.com,Female,70.189.92.100
347,Earle,O'Brollachain,eobrollachain9m@ehow.com,Male,249.237.181.91
348,Helge,Hynam,hhynam9n@woothemes.com,Female,67.235.210.27
349,Thorvald,Benedicte,tbenedicte9o@prnewswire.com,Male,57.198.142.213
350,Blakelee,Tottie,btottie9p@symantec.com,Female,173.134.52.214
351,Steward,Notton,snotton9q@skyrock.com,Male,245.7.75.29
352,Crystal,Maypother,cmaypother9r@g.co,Female,89.1.233.207
353,Loralie,Riddock,lriddock9s@mail.ru,Female,146.139.119.105
354,Lotta,Marunchak,lmarunchak9t@tripadvisor.com,Female,191.227.98.214
355,Mel,Shillam,mshillam9u@uol.com.br,Male,50.183.143.51
356,Prince,Barnfather,pbarnfather9v@oracle.com,Male,65.146.114.192
357,Sayre,Rizzone,srizzone9w@google.ru,Male,53.149.94.182
358,Dory,Elia,delia9x@whitehouse.gov,Male,216.173.172.161
359,Edie,Shutt,eshutt9y@scribd.com,Female,191.56.255.52
360,Rowland,Jacquemy,rjacquemy9z@thetimes.co.uk,Male,25.73.144.115
361,Thalia,Prew,tprewa0@utexas.edu,Female,141.57.224.240
362,Annemarie,Harty,ahartya1@tuttocitta.it,Female,232.220.211.76
363,Rowan,Maggorini,rmaggorinia2@jiathis.com,Male,18.201.126.201
364,Woodrow,Vannuccinii,wvannucciniia3@latimes.com,Male,189.134.58.179
365,Morgen,Coverdale,mcoverdalea4@guardian.co.uk,Female,116.21.138.45
366,Bryn,Cousens,bcousensa5@fema.gov,Male,107.150.13.156
367,Rasia,Eustice,reusticea6@dagondesign.com,Female,52.123.172.247
368,Valina,Bernardos,vbernardosa7@ycombinator.com,Female,113.90.36.239
369,Mari,Mainston,mmainstona8@sakura.ne.jp,Female,153.55.77.121
370,Keenan,Soughton,ksoughtona9@fastcompany.com,Male,248.113.113.41
371,Bobbie,Abade,babadeaa@japanpost.jp,Female,83.193.188.177
372,Engelbert,Mongain,emongainab@tamu.edu,Male,123.253.178.112
373,Jillian,Surplice,jsurpliceac@wp.com,Female,182.195.68.11
374,Tabbie,Dowsing,tdowsingad@state.gov,Male,133.88.183.246
375,Bebe,Pigdon,bpigdonae@de.vu,Female,27.182.191.78
376,Edgar,Benfield,ebenfieldaf@printfriendly.com,Male,131.54.253.89
377,Amble,Mitchell,amitchellag@timesonline.co.uk,Male,166.194.221.165
378,Buddy,Crimes,bcrimesah@economist.com,Male,254.153.244.49
379,Josiah,Maffiotti,jmaffiottiai@columbia.edu,Male,161.200.196.193
380,Inglebert,Drury,idruryaj@comsenz.com,Male,12.142.20.120
381,Nananne,Gosden,ngosdenak@tiny.cc,Female,34.179.19.154
382,Tonye,Brook,tbrookal@123-reg.co.uk,Female,102.48.188.169
383,Wanids,Parrish,wparrisham@oracle.com,Female,96.120.66.25
384,Bert,Ellerington,belleringtonan@opera.com,Female,71.5.21.197
385,Ferdinand,MacAfee,fmacafeeao@amazon.co.jp,Male,86.15.184.5
386,Lannie,Sandcraft,lsandcraftap@slideshare.net,Male,137.57.198.194
387,Teddi,Olerenshaw,tolerenshawaq@elegantthemes.com,Female,105.71.215.149
388,Ludwig,MacGorley,lmacgorleyar@reddit.com,Male,13.240.236.16
389,Kellsie,Dabels,kdabelsas@blog.com,Female,205.16.179.91
390,Guss,Lorenz,glorenzat@jiathis.com,Male,187.21.104.202
391,Kelvin,Dewick,kdewickau@bizjournals.com,Male,200.195.7.184
392,Josepha,Birtles,jbirtlesav@psu.edu,Female,112.236.178.185
393,Daren,Mont,dmontaw@reverbnation.com,Male,90.124.169.51
394,Britni,McGlue,bmcglueax@go.com,Female,168.22.48.115
395,Helenelizabeth,Farlamb,hfarlambay@uiuc.edu,Female,36.1.242.13
396,Ester,Cadany,ecadanyaz@blog.com,Female,43.99.207.190
397,Aubrey,Noweak,anoweakb0@hugedomains.com,Male,61.215.215.125
398,Fairleigh,Brachell,fbrachellb1@sourceforge.net,Male,211.183.24.232
399,Clim,Colquyte,ccolquyteb2@ihg.com,Male,220.24.93.248
400,Patrizius,Leggat,pleggatb3@foxnews.com,Male,128.91.228.126
401,Clary,Minihan,cminihanb4@wix.com,Female,166.121.236.201
402,Andriana,Hadwin,ahadwinb5@narod.ru,Female,171.76.254.149
403,Rees,Bellows,rbellowsb6@symantec.com,Male,232.4.181.98
404,Mona,Kennan,mkennanb7@nps.gov,Female,146.42.183.131
405,Oby,Ridwood,oridwoodb8@shop-pro.jp,Male,172.105.186.35
406,Berkie,Critchard,bcritchardb9@netlog.com,Male,41.189.246.83
407,Thalia,Rhule,trhuleba@t.co,Female,126.82.38.157
408,Farley,Reeds,freedsbb@eventbrite.com,Male,225.207.235.170
409,Reamonn,Cornbill,rcornbillbc@vistaprint.com,Male,113.174.195.178
410,Ulick,Firmin,ufirminbd@rediff.com,Male,76.52.170.80
411,Standford,Chaudron,schaudronbe@netscape.com,Male,154.124.100.102
412,Lazaro,Colthurst,lcolthurstbf@nasa.gov,Male,26.232.217.11
413,Dolley,Colthard,dcolthardbg@youtube.com,Female,49.33.13.223
414,Kimball,Kinnett,kkinnettbh@t-online.de,Male,183.181.175.13
415,Sianna,Drife,sdrifebi@wikispaces.com,Female,229.247.245.133
416,Merwin,MacMeeking,mmacmeekingbj@tamu.edu,Male,245.228.104.150
417,Upton,Colquyte,ucolquytebk@marriott.com,Male,13.142.186.250
418,Maryann,Dring,mdringbl@4shared.com,Female,13.241.181.61
419,Yale,Pennetti,ypennettibm@redcross.org,Male,60.179.68.218
420,Olympie,Trewin,otrewinbn@pagesperso-orange.fr,Female,15.190.176.203
421,Robinet,Wessel,rwesselbo@state.gov,Male,214.254.48.35
422,Zachary,Bleiman,zbleimanbp@privacy.gov.au,Male,154.92.104.216
423,Marlon,McClarence,mmcclarencebq@delicious.com,Male,207.221.8.68
424,Nissa,Lounds,nloundsbr@theguardian.com,Female,200.105.165.216
425,Bev,Fairpo,bfairpobs@google.it,Female,123.227.111.119
426,Camel,Goatman,cgoatmanbt@diigo.com,Female,155.195.67.236
427,Tanhya,Smaile,tsmailebu@ezinearticles.com,Female,5.100.48.12
428,Roobbie,Cottom,rcottombv@upenn.edu,Female,255.127.154.207
429,Patrizio,Brislan,pbrislanbw@dailymotion.com,Male,177.155.232.147
430,Inessa,BoHlingolsen,ibohlingolsenbx@people.com.cn,Female,183.161.35.60
431,Lief,Grist,lgristby@sun.com,Male,200.137.4.112
432,Christel,Yukhin,cyukhinbz@intel.com,Female,239.156.16.159
433,Lesly,Lackner,llacknerc0@guardian.co.uk,Female,192.198.120.210
434,Adiana,Walsom,awalsomc1@domainmarket.com,Female,236.164.217.74
435,Lexine,Corstan,lcorstanc2@narod.ru,Female,0.136.155.103
436,Patin,Balsdone,pbalsdonec3@xing.com,Male,127.159.145.51
437,Coop,Rydings,crydingsc4@tuttocitta.it,Male,197.121.254.156
438,Sheff,Erley,serleyc5@constantcontact.com,Male,255.69.4.94
439,Rusty,Dunne,rdunnec6@joomla.org,Male,81.227.192.210
440,Shaine,D'Ambrogi,sdambrogic7@a8.net,Female,67.77.174.121
441,Toma,Ginty,tgintyc8@mtv.com,Female,196.84.194.115
442,Gabrila,MacGruer,gmacgruerc9@facebook.com,Female,232.174.125.144
443,Niven,Bartlomiej,nbartlomiejca@discovery.com,Male,28.15.134.255
444,Zara,Bollen,zbollencb@statcounter.com,Female,4.129.102.215
445,Boone,Stacy,bstacycc@wunderground.com,Male,26.69.142.175
446,Monique,Grisewood,mgrisewoodcd@i2i.jp,Female,232.71.209.147
447,Kristofer,O' Hanvey,kohanveyce@ihg.com,Male,51.229.159.122
448,Isadora,Dubois,iduboiscf@nasa.gov,Female,254.93.93.38
449,Keene,Muckart,kmuckartcg@canalblog.com,Male,49.86.220.86
450,Taryn,Smy,tsmych@soup.io,Female,112.62.87.63
451,Tony,Lenoir,tlenoirci@phoca.cz,Male,76.149.176.129
452,Clive,Uzelli,cuzellicj@dot.gov,Male,156.213.104.32
453,Mischa,Ballister,mballisterck@nsw.gov.au,Male,237.167.212.74
454,Axel,Brockman,abrockmancl@lulu.com,Male,85.95.69.109
455,Francisco,Inmett,finmettcm@posterous.com,Male,137.96.189.133
456,Dyane,Boustead,dbousteadcn@statcounter.com,Female,237.253.221.219
457,Vern,Rothermel,vrothermelco@twitpic.com,Male,183.253.217.153
458,Isa,O'Hearn,iohearncp@senate.gov,Female,236.181.1.242
459,Andre,MacDonogh,amacdonoghcq@ca.gov,Male,181.104.213.159
460,Claiborn,Glasman,cglasmancr@bizjournals.com,Male,163.181.42.38
461,Syd,Winkless,swinklesscs@printfriendly.com,Male,224.25.226.157
462,Mano,Huxstep,mhuxstepct@wikipedia.org,Male,220.207.112.184
463,Carline,Batrim,cbatrimcu@ca.gov,Female,139.251.29.147
464,Noe,Hane,nhanecv@census.gov,Male,206.198.61.2
465,Vincenty,Duffield,vduffieldcw@stanford.edu,Male,219.118.165.217
466,Humphrey,Forcade,hforcadecx@ibm.com,Male,38.72.36.224
467,Harris,Tythacott,htythacottcy@macromedia.com,Male,198.205.68.241
468,Keri,Honatsch,khonatschcz@usda.gov,Female,187.100.116.15
469,Yanaton,Riehm,yriehmd0@bloomberg.com,Male,198.199.240.208
470,Kippie,Ioselevich,kioselevichd1@com.com,Male,198.14.44.234
471,Aryn,Hanwell,ahanwelld2@mail.ru,Female,146.201.56.125
472,Ezekiel,Prozillo,eprozillod3@who.int,Male,58.177.52.248
473,Albina,Liptrot,aliptrotd4@altervista.org,Female,226.236.78.31
474,Flory,Tewkesbury.,ftewkesburyd5@people.com.cn,Male,28.174.157.124
475,Faustina,Ruxton,fruxtond6@smugmug.com,Female,76.74.65.175
476,Carita,Sides,csidesd7@google.com.au,Female,6.24.243.197
477,Bastien,Dockwray,bdockwrayd8@ox.ac.uk,Male,56.168.39.71
478,Korella,Raison,kraisond9@wiley.com,Female,35.91.203.95
479,Dylan,Ganforthe,dganfortheda@mit.edu,Male,31.234.190.173
480,Dannel,Afonso,dafonsodb@hhs.gov,Male,117.216.225.217
481,Bliss,Eleshenar,beleshenardc@so-net.ne.jp,Female,50.59.247.4
482,Pablo,Spearman,pspearmandd@army.mil,Male,127.112.57.42
483,Gibb,Striker,gstrikerde@archive.org,Male,156.224.53.107
484,Dottie,Muress,dmuressdf@webeden.co.uk,Female,174.112.246.138
485,Tyrus,Cattermole,tcattermoledg@deliciousdays.com,Male,138.93.52.67
486,Brittani,Tourne,btournedh@cafepress.com,Female,240.55.39.69
487,Heinrik,Corryer,hcorryerdi@uol.com.br,Male,108.24.149.12
488,Woody,Thome,wthomedj@oakley.com,Male,93.201.142.33
489,Alvy,Kelly,akellydk@blog.com,Male,63.40.130.174
490,Carlyn,Elstob,celstobdl@desdev.cn,Female,143.200.201.37
491,Currie,Groll,cgrolldm@desdev.cn,Male,139.124.42.160
492,Hedda,Mercer,hmercerdn@icio.us,Female,249.180.68.205
493,Jacob,McParland,jmcparlanddo@about.com,Male,199.156.12.202
494,Alvina,Vasler,avaslerdp@friendfeed.com,Female,223.148.60.86
495,Arabelle,Jedryka,ajedrykadq@slideshare.net,Female,21.45.22.237
496,Nikki,Demeter,ndemeterdr@disqus.com,Female,85.131.228.3
497,Hulda,Hancox,hhancoxds@redcross.org,Female,12.81.8.16
498,Baird,Spawforth,bspawforthdt@mail.ru,Male,194.100.189.0
499,Karalynn,Bowerbank,kbowerbankdu@shinystat.com,Female,75.140.66.122
500,Paulie,Shropshire,pshropshiredv@narod.ru,Male,167.52.31.223
501,Starlene,Arthy,sarthydw@theglobeandmail.com,Female,125.48.108.248
502,Nikki,Coysh,ncoyshdx@addtoany.com,Male,209.240.17.5
503,Adele,Whatson,awhatsondy@guardian.co.uk,Female,42.237.22.87
504,Thorvald,Baus,tbausdz@cloudflare.com,Male,185.242.184.154
505,Lusa,Langelaan,llangelaane0@google.es,Female,176.117.173.32
506,Bernadette,Kohler,bkohlere1@bloglovin.com,Female,130.0.197.107
507,Chancey,Cleatherow,ccleatherowe2@kickstarter.com,Male,152.194.140.237
508,Ulrica,Crake,ucrakee3@marketwatch.com,Female,134.107.210.25
509,Noble,Aingell,naingelle4@163.com,Male,103.249.248.143
510,Raimundo,Sterland,rsterlande5@wisc.edu,Male,144.188.164.22
511,Tedd,Tregiddo,ttregiddoe6@hugedomains.com,Male,93.79.192.242
512,Aurore,Clemetts,aclemettse7@yandex.ru,Female,241.112.207.212
513,Care,Romeo,cromeoe8@marketwatch.com,Male,223.154.65.105
514,Rory,Rubinsky,rrubinskye9@webnode.com,Male,2.136.32.137
515,Joshua,Mixter,jmixterea@time.com,Male,101.90.146.7
516,Marika,Kilford,mkilfordeb@home.pl,Female,65.174.228.59
517,Sigismond,Bes,sbesec@aol.com,Male,230.221.215.169
518,Meaghan,Grigorey,mgrigoreyed@nsw.gov.au,Female,44.66.246.105
519,Rubetta,Lepope,rlepopeee@mapy.cz,Female,13.59.142.197
520,Alaric,Lunam,alunamef@acquirethisname.com,Male,227.88.255.25
521,Bernice,Woltman,bwoltmaneg@buzzfeed.com,Female,181.132.7.100
522,Coreen,Axford,caxfordeh@aboutads.info,Female,203.203.25.42
523,Cathi,Barlie,cbarlieei@eepurl.com,Female,36.6.157.41
524,Valerye,Gornar,vgornarej@rambler.ru,Female,203.92.125.203
525,Rawley,Weightman,rweightmanek@bandcamp.com,Male,54.115.146.16
526,Torr,Bristo,tbristoel@ycombinator.com,Male,4.54.127.234
527,Findlay,Spaunton,fspauntonem@xing.com,Male,32.166.124.93
528,Maximilianus,Coldwell,mcoldwellen@webeden.co.uk,Male,193.118.138.111
529,Goober,Dybbe,gdybbeeo@paginegialle.it,Male,101.220.200.219
530,Audrie,Plampin,aplampinep@businessweek.com,Female,10.182.167.249
531,Gus,Crook,gcrookeq@imdb.com,Male,109.20.195.5
532,Katherine,Doyle,kdoyleer@globo.com,Female,143.62.219.113
533,Audrey,Swadling,aswadlinges@google.pl,Female,56.115.124.169
534,Ermina,Ogle,eogleet@china.com.cn,Female,10.162.184.253
535,Mari,Gilffillan,mgilffillaneu@flavors.me,Female,153.73.142.149
536,Susy,Gyer,sgyerev@meetup.com,Female,16.110.9.18
537,Korey,Kik,kkikew@nationalgeographic.com,Male,255.111.52.245
538,Ewan,Forber,eforberex@deviantart.com,Male,17.74.38.154
539,Giulietta,Orts,gortsey@ifeng.com,Female,18.215.131.192
540,Andy,Shere,ashereez@theguardian.com,Male,247.147.71.123
541,Teddi,Oganesian,toganesianf0@usatoday.com,Female,245.64.146.243
542,Porty,Nickels,pnickelsf1@cisco.com,Male,51.114.126.227
543,Payton,Denslow,pdenslowf2@illinois.edu,Male,209.218.206.50
544,Charmine,Halworth,chalworthf3@sfgate.com,Female,67.107.186.141
545,Cassie,Bingham,cbinghamf4@wunderground.com,Male,250.139.8.153
546,Finley,de Voiels,fdevoielsf5@oracle.com,Male,150.138.81.44
547,Jo-anne,Gissing,jgissingf6@elpais.com,Female,162.221.36.77
548,Hart,Waine,hwainef7@amazon.de,Male,105.129.67.146
549,Erich,Goalley,egoalleyf8@yolasite.com,Male,243.212.21.224
550,Angelique,Frankton,afranktonf9@opensource.org,Female,204.228.87.207
551,Nesta,Liley,nlileyfa@gmpg.org,Female,199.191.240.156
552,Nikos,Carrigan,ncarriganfb@webnode.com,Male,239.160.255.179
553,Ophelia,Overil,ooverilfc@google.de,Female,157.92.11.93
554,Garvin,Leidecker,gleideckerfd@tuttocitta.it,Male,116.48.207.163
555,Merrili,McConnal,mmcconnalfe@alexa.com,Female,252.172.55.55
556,Robby,Brechin,rbrechinff@ebay.co.uk,Female,97.21.209.176
557,Lenore,Normabell,lnormabellfg@usa.gov,Female,212.32.133.108
558,Stanly,Ivantyev,sivantyevfh@netvibes.com,Male,245.208.56.188
559,Joseito,MacGilmartin,jmacgilmartinfi@globo.com,Male,186.151.253.193
560,Abby,Fosdike,afosdikefj@reference.com,Female,178.75.222.104
561,Cort,Shovlin,cshovlinfk@businesswire.com,Male,42.239.125.155
562,Cynthia,Dredge,cdredgefl@eepurl.com,Female,160.174.93.207
563,Jannelle,Lissemore,jlissemorefm@nytimes.com,Female,177.5.253.234
564,Frants,Dudill,fdudillfn@yahoo.com,Male,171.246.246.41
565,Joaquin,Pestell,jpestellfo@squarespace.com,Male,73.15.252.40
566,Humfrid,Ryley,hryleyfp@twitter.com,Male,51.106.110.186
567,Danita,Birmingham,dbirminghamfq@digg.com,Female,225.98.170.199
568,Lotta,Chattell,lchattellfr@ehow.com,Female,72.202.59.247
569,Scotty,MacKill,smackillfs@techcrunch.com,Male,80.250.170.62
570,Duff,Poolton,dpooltonft@irs.gov,Male,173.161.103.246
571,Concettina,Gisborne,cgisbornefu@parallels.com,Female,223.169.184.109
572,Alisa,Conneely,aconneelyfv@elegantthemes.com,Female,216.19.210.166
573,Mikey,Doyley,mdoyleyfw@soundcloud.com,Male,229.239.106.13
574,Ginger,Hamstead,ghamsteadfx@vkontakte.ru,Female,3.18.74.237
575,Killian,Dew,kdewfy@nsw.gov.au,Male,80.244.52.172
576,Aigneis,Ducker,aduckerfz@stanford.edu,Female,246.245.145.131
577,Myrtie,Husset,mhussetg0@theatlantic.com,Female,7.206.53.181
578,Joline,Yoxen,jyoxeng1@umn.edu,Female,211.32.122.96
579,Gradey,Brunt,gbruntg2@scribd.com,Male,1.192.129.155
580,Osmund,Yedall,oyedallg3@tumblr.com,Male,219.156.160.215
581,Reyna,Parsand,rparsandg4@marriott.com,Female,209.178.27.48
582,Fernande,Palleske,fpalleskeg5@webmd.com,Female,116.120.183.80
583,Jarrad,Wallage,jwallageg6@wiley.com,Male,223.18.28.143
584,Catlee,McLeod,cmcleodg7@youku.com,Female,95.22.155.207
585,Merrel,Elce,melceg8@blogspot.com,Male,183.112.4.116
586,Horacio,Ferriby,hferribyg9@usnews.com,Male,20.75.22.125
587,Garik,Coogan,gcooganga@gnu.org,Male,57.139.158.41
588,Drucill,Brushfield,dbrushfieldgb@pinterest.com,Female,207.178.97.84
589,Indira,Mottram,imottramgc@wp.com,Female,104.66.34.165
590,Franciskus,Trematick,ftrematickgd@homestead.com,Male,55.123.205.31
591,Beniamino,Gleadle,bgleadlege@delicious.com,Male,188.56.15.176
592,Darcy,Smallacombe,dsmallacombegf@nsw.gov.au,Male,221.156.10.237
593,Delia,Winthrop,dwinthropgg@jalbum.net,Female,116.199.89.29
594,Joelly,Buddock,jbuddockgh@techcrunch.com,Female,245.108.161.242
595,Austina,Deares,adearesgi@is.gd,Female,142.59.114.42
596,Tommy,Gimber,tgimbergj@cbslocal.com,Female,76.135.249.216
597,Hart,Fitton,hfittongk@disqus.com,Male,237.138.6.28
598,Shell,Abbets,sabbetsgl@tamu.edu,Female,96.121.166.10
599,Svend,De Vaux,sdevauxgm@over-blog.com,Male,195.137.254.127
600,Perceval,Le Friec,plefriecgn@deliciousdays.com,Male,203.32.204.111
601,Marielle,Erridge,merridgego@psu.edu,Female,196.47.157.115
602,Brunhilde,Salamon,bsalamongp@cloudflare.com,Female,0.87.125.130
603,Jorry,Killough,jkilloughgq@typepad.com,Female,173.51.248.125
604,Whit,Dreossi,wdreossigr@whitehouse.gov,Male,6.185.5.27
605,Juli,Cooksley,jcooksleygs@huffingtonpost.com,Female,228.159.87.22
606,Christian,Safe,csafegt@qq.com,Male,78.97.247.136
607,Olivier,Bischop,obischopgu@aboutads.info,Male,86.109.233.228
608,Delinda,Gwynne,dgwynnegv@jugem.jp,Female,118.231.110.152
609,Aristotle,Dootson,adootsongw@seesaa.net,Male,247.119.110.202
610,Garland,Boylan,gboylangx@cocolog-nifty.com,Female,76.11.140.44
611,Lyon,Hammersley,lhammersleygy@techcrunch.com,Male,130.233.80.88
612,Ellerey,Drever,edrevergz@weebly.com,Male,249.52.204.207
613,Edwin,Sugg,esuggh0@jugem.jp,Male,2.164.63.160
614,Robena,Fulbrook,rfulbrookh1@technorati.com,Female,185.78.209.54
615,Ros,Middle,rmiddleh2@geocities.jp,Female,23.199.122.175
616,Arman,Scotford,ascotfordh3@wired.com,Male,62.85.144.51
617,Stevana,Caswall,scaswallh4@dell.com,Female,153.33.137.83
618,Travus,Keeffe,tkeeffeh5@mashable.com,Male,110.225.8.61
619,Sander,Gretham,sgrethamh6@google.com,Male,151.68.224.156
620,Bowie,Dallimare,bdallimareh7@freewebs.com,Male,49.65.137.72
621,Lief,Langshaw,llangshawh8@w3.org,Male,18.236.159.113
622,Rheta,Sturton,rsturtonh9@mail.ru,Female,80.91.44.138
623,Haywood,England,henglandha@irs.gov,Male,79.0.183.34
624,Octavius,Redding,oreddinghb@howstuffworks.com,Male,82.160.151.56
625,Adan,Robins,arobinshc@cbc.ca,Male,94.82.234.9
626,Saundra,Allwright,sallwrighthd@naver.com,Female,154.83.226.78
627,Sylvester,Hackett,shacketthe@usda.gov,Male,162.67.136.177
628,Peta,White,pwhitehf@addthis.com,Female,37.39.203.244
629,Augustine,Janson,ajansonhg@typepad.com,Female,120.95.7.68
630,Letizia,Handscombe,lhandscombehh@hc360.com,Female,233.208.230.11
631,Dacey,Ricardot,dricardothi@state.tx.us,Female,232.103.199.220
632,Ermanno,Flint,eflinthj@cyberchimps.com,Male,80.154.185.194
633,Wittie,Caistor,wcaistorhk@abc.net.au,Male,23.94.3.63
634,Tiphany,Bowen,tbowenhl@purevolume.com,Female,109.22.112.49
635,Bent,Wilfing,bwilfinghm@vkontakte.ru,Male,177.74.86.65
636,Norine,Cockin,ncockinhn@ca.gov,Female,111.56.214.117
637,Alfy,Snaith,asnaithho@ezinearticles.com,Male,138.241.96.115
638,Timothy,Secret,tsecrethp@pcworld.com,Male,147.221.198.3
639,Nico,Oxer,noxerhq@vistaprint.com,Male,126.246.88.224
640,Cordell,Rogan,croganhr@ed.gov,Male,7.111.55.32
641,Arie,Daleman,adalemanhs@tiny.cc,Male,190.0.246.87
642,Elsworth,Ilyas,eilyasht@boston.com,Male,141.26.94.245
643,Kristi,Gatward,kgatwardhu@twitpic.com,Female,172.131.205.87
644,Cathee,Bignall,cbignallhv@theatlantic.com,Female,18.152.212.68
645,Neila,Viel,nvielhw@imgur.com,Female,90.219.22.206
646,Athene,Spileman,aspilemanhx@squarespace.com,Female,116.39.143.152
647,Udell,Crone,ucronehy@stanford.edu,Male,57.235.24.230
648,Filia,Benditt,fbenditthz@oaic.gov.au,Female,122.103.182.235
649,Ryley,Bloy,rbloyi0@myspace.com,Male,165.215.62.107
650,Gallard,Deviney,gdevineyi1@seesaa.net,Male,154.83.35.249
651,Ashlan,Carillo,acarilloi2@dot.gov,Female,205.182.163.219
652,Kaleb,Caze,kcazei3@discovery.com,Male,227.75.103.69
653,Hermione,Champken,hchampkeni4@sciencedirect.com,Female,76.29.91.98
654,Frayda,Yewdell,fyewdelli5@theguardian.com,Female,119.3.101.111
655,Tally,Bockman,tbockmani6@free.fr,Male,88.35.201.142
656,Hedwiga,Witling,hwitlingi7@cbc.ca,Female,168.39.118.34
657,Fredelia,Sargison,fsargisoni8@msu.edu,Female,26.98.49.96
658,Leonard,Ferschke,lferschkei9@blog.com,Male,168.117.71.113
659,Bren,Wagon,bwagonia@elpais.com,Male,190.28.13.249
660,Leigh,Aizik,laizikib@epa.gov,Male,85.85.100.47
661,Marna,McNelis,mmcnelisic@elegantthemes.com,Female,73.55.89.166
662,Vittorio,Mc Cahey,vmccaheyid@answers.com,Male,232.148.238.124
663,Jennica,O' Liddy,joliddyie@jimdo.com,Female,177.9.209.214
664,Hallsy,Basso,hbassoif@microsoft.com,Male,125.186.208.227
665,Cherianne,Tincombe,ctincombeig@wikimedia.org,Female,87.245.150.2
666,Debera,Thorington,dthoringtonih@epa.gov,Female,111.124.65.54
667,Eryn,Molden,emoldenii@mlb.com,Female,186.237.94.65
668,Madella,Shipley,mshipleyij@umich.edu,Female,8.222.207.180
669,Bette,Brambley,bbrambleyik@stumbleupon.com,Female,224.186.253.142
670,Toiboid,Argabrite,targabriteil@kickstarter.com,Male,38.181.162.181
671,Sophronia,Splain,ssplainim@chron.com,Female,26.19.208.22
672,Floris,Cavolini,fcavoliniin@hao123.com,Female,39.123.240.28
673,Brook,Jozef,bjozefio@issuu.com,Female,249.80.96.210
674,Chere,Coen,ccoenip@4shared.com,Female,164.211.125.73
675,Ursula,Forster,uforsteriq@skype.com,Female,201.55.53.32
676,Mikel,Cavnor,mcavnorir@ca.gov,Male,162.10.149.118
677,Kellia,Gosselin,kgosselinis@360.cn,Female,110.73.223.0
678,Lynea,Jirek,ljirekit@symantec.com,Female,53.69.202.222
679,Row,Elham,relhamiu@cargocollective.com,Female,57.60.60.37
680,Cordey,Cathro,ccathroiv@mysql.com,Female,3.30.12.225
681,Antony,Osipov,aosipoviw@com.com,Male,118.32.211.145
682,Gaston,Merrall,gmerrallix@reverbnation.com,Male,251.213.83.246
683,Olive,Torrent,otorrentiy@dmoz.org,Female,175.249.32.194
684,Dee dee,Halpeine,dhalpeineiz@netvibes.com,Female,202.42.23.128
685,Robina,Zorzin,rzorzinj0@biblegateway.com,Female,54.39.230.141
686,Brien,Mochan,bmochanj1@bbc.co.uk,Male,187.60.21.233
687,Noll,Ropking,nropkingj2@independent.co.uk,Male,245.177.119.16
688,Henry,Fley,hfleyj3@engadget.com,Male,168.157.21.42
689,Salmon,Antyukhin,santyukhinj4@whitehouse.gov,Male,86.211.124.2
690,Madel,Frye,mfryej5@dagondesign.com,Female,110.212.180.240
691,Heath,Sibbons,hsibbonsj6@trellian.com,Male,31.129.109.141
692,Sydel,Richardes,srichardesj7@godaddy.com,Female,238.252.186.78
693,Wendel,Helversen,whelversenj8@webs.com,Male,218.200.165.98
694,Lynne,Dinis,ldinisj9@hao123.com,Female,167.30.137.218
695,Nonah,Cudbertson,ncudbertsonja@t-online.de,Female,109.64.48.86
696,Helga,Clementi,hclementijb@geocities.jp,Female,113.175.221.178
697,Sinclare,Widdicombe,swiddicombejc@admin.ch,Male,84.208.76.104
698,Mohammed,Snellman,msnellmanjd@google.ru,Male,142.61.142.40
699,Christophorus,Sugar,csugarje@japanpost.jp,Male,203.85.0.188
700,Louise,Ivakhin,livakhinjf@cloudflare.com,Female,91.51.168.31
701,Wilona,Tigwell,wtigwelljg@reddit.com,Female,220.126.209.111
702,Daron,Silverthorne,dsilverthornejh@google.com,Male,232.84.211.247
703,Richmond,Isakovitch,risakovitchji@networksolutions.com,Male,168.156.177.86
704,Meggi,Stanex,mstanexjj@tmall.com,Female,98.145.195.178
705,Hillel,Baldacchi,hbaldacchijk@goo.ne.jp,Male,210.250.18.0
706,Jarib,Willars,jwillarsjl@canalblog.com,Male,84.61.205.18
707,Lodovico,Hachard,lhachardjm@uiuc.edu,Male,101.242.242.152
708,Olimpia,Coddington,ocoddingtonjn@freewebs.com,Female,85.161.220.147
709,Gale,Reynoldson,greynoldsonjo@mtv.com,Female,169.66.48.213
710,Gaylord,Sinnatt,gsinnattjp@artisteer.com,Male,235.40.68.223
711,Norina,Juszczyk,njuszczykjq@yandex.ru,Female,121.156.7.142
712,Alvy,Probert,aprobertjr@cocolog-nifty.com,Male,0.177.134.47
713,Valina,Bluschke,vbluschkejs@freewebs.com,Female,218.57.181.104
714,Rachele,Houtbie,rhoutbiejt@github.io,Female,59.171.204.211
715,Coop,Parkins,cparkinsju@wix.com,Male,216.250.52.160
716,Cheri,Frayne,cfraynejv@cbc.ca,Female,11.231.31.238
717,Vincent,Garvin,vgarvinjw@google.nl,Male,87.1.185.37
718,Rooney,Bonnick,rbonnickjx@ezinearticles.com,Male,142.108.139.238
719,Petronella,Fernandes,pfernandesjy@360.cn,Female,6.182.51.95
720,Konstance,O' Molan,komolanjz@google.nl,Female,76.228.242.61
721,Jervis,Goom,jgoomk0@t.co,Male,244.202.103.42
722,Cybil,Kleeborn,ckleebornk1@acquirethisname.com,Female,43.164.224.89
723,Daisy,Doghartie,ddoghartiek2@printfriendly.com,Female,102.238.231.40
724,Rowan,Brenston,rbrenstonk3@blogtalkradio.com,Male,118.13.24.25
725,Tobie,Kynnd,tkynndk4@shop-pro.jp,Male,161.121.97.82
726,Althea,Morrish,amorrishk5@twitpic.com,Female,237.70.24.47
727,Konstantine,Draco,kdracok6@guardian.co.uk,Male,145.29.229.245
728,Cory,Preto,cpretok7@sakura.ne.jp,Female,235.67.143.245
729,Lucien,Thurlbourne,lthurlbournek8@examiner.com,Male,128.198.99.115
730,Desi,McCreery,dmccreeryk9@com.com,Male,97.10.249.55
731,Delmar,Haddrell,dhaddrellka@friendfeed.com,Male,192.135.156.183
732,Almeda,Zieme,aziemekb@home.pl,Female,195.26.245.48
733,Donni,Fenelon,dfenelonkc@abc.net.au,Female,101.75.57.243
734,Ase,Schenkel,aschenkelkd@eventbrite.com,Male,249.84.47.4
735,Estrella,D'Hooge,edhoogeke@taobao.com,Female,21.54.203.1
736,Ephrayim,Minshaw,eminshawkf@ovh.net,Male,119.23.206.3
737,Allsun,Gallelli,agallellikg@deliciousdays.com,Female,15.150.31.223
738,Tressa,Yves,tyveskh@rediff.com,Female,19.158.38.66
739,Alica,Beckham,abeckhamki@blogger.com,Female,57.127.240.28
740,Welch,Sandland,wsandlandkj@ehow.com,Male,178.241.28.230
741,Kim,Thraves,kthraveskk@quantcast.com,Male,214.110.178.52
742,Eugenia,Andreoletti,eandreolettikl@mediafire.com,Female,25.102.170.10
743,Tanner,Ricold,tricoldkm@bizjournals.com,Male,13.31.194.93
744,Faber,Lockie,flockiekn@squidoo.com,Male,106.188.106.187
745,Nessy,Prando,nprandoko@yelp.com,Female,228.113.59.50
746,Charleen,Hartzenberg,chartzenbergkp@cnet.com,Female,53.186.73.173
747,Viv,Bramich,vbramichkq@mit.edu,Female,118.107.96.203
748,Timmy,Binnall,tbinnallkr@yellowpages.com,Male,181.35.95.212
749,Ardyce,Moakes,amoakesks@msn.com,Female,148.199.173.250
750,Mano,Wyd,mwydkt@cnbc.com,Male,42.156.138.93
751,Hale,McGovern,hmcgovernku@umn.edu,Male,37.29.203.172
752,Cherice,Posthill,cposthillkv@tumblr.com,Female,216.97.155.90
753,Anastasia,Kimmings,akimmingskw@wp.com,Female,243.221.183.187
754,Corissa,Tiler,ctilerkx@sitemeter.com,Female,59.145.147.18
755,Joanne,O' Culligan,joculliganky@ibm.com,Female,226.38.112.134
756,Harri,Sambrok,hsambrokkz@odnoklassniki.ru,Female,67.40.27.138
757,Roselin,Brummitt,rbrummittl0@cocolog-nifty.com,Female,105.246.25.140
758,Kaitlynn,Stares,kstaresl1@google.ca,Female,235.118.4.144
759,Annette,Rimer,arimerl2@businessweek.com,Female,192.69.203.175
760,Tabina,Robertet,trobertetl3@hao123.com,Female,9.220.213.155
761,Christin,Lettsom,clettsoml4@china.com.cn,Female,185.240.197.126
762,Rochester,Petyanin,rpetyaninl5@bloglovin.com,Male,55.135.170.248
763,Birch,Elkington,belkingtonl6@unc.edu,Male,126.27.185.102
764,Steven,Ciani,scianil7@rambler.ru,Male,236.185.79.203
765,Orsa,McCorley,omccorleyl8@de.vu,Female,21.213.55.21
766,Hastings,Janks,hjanksl9@boston.com,Male,87.246.17.129
767,Antoine,Davio,adaviola@hhs.gov,Male,234.70.108.55
768,Flemming,Cabel,fcabellb@skyrock.com,Male,118.187.225.29
769,Wilmer,Buist,wbuistlc@clickbank.net,Male,28.155.96.198
770,Leela,Devanney,ldevanneyld@icio.us,Female,51.231.227.152
771,Wallas,Fishley,wfishleyle@mysql.com,Male,234.184.247.118
772,Morty,Franiak,mfraniaklf@house.gov,Male,194.230.207.93
773,Maire,Owttrim,mowttrimlg@abc.net.au,Female,155.181.7.53
774,Ronny,Siley,rsileylh@hhs.gov,Male,209.41.242.166
775,Marietta,O'Beirne,mobeirneli@oracle.com,Female,204.254.102.49
776,Andy,Dutnell,adutnelllj@boston.com,Female,129.254.91.40
777,Dennie,Eblein,debleinlk@apache.org,Male,54.129.91.165
778,Jannel,Chown,jchownll@taobao.com,Female,4.80.173.19
779,Rhodia,Kellet,rkelletlm@weebly.com,Female,41.241.119.58
780,Alvis,Riley,arileyln@slideshare.net,Male,117.226.32.101
781,Hobey,Merrisson,hmerrissonlo@privacy.gov.au,Male,252.170.167.236
782,Cly,Burghill,cburghilllp@wix.com,Male,27.193.201.196
783,Monte,Lyffe,mlyffelq@theglobeandmail.com,Male,212.79.46.34
784,Ailis,Vallentine,avallentinelr@theguardian.com,Female,68.86.77.133
785,Toma,Atack,tatackls@constantcontact.com,Female,167.180.43.46
786,Earlie,Grzelak,egrzelaklt@jugem.jp,Male,203.179.136.76
787,Gun,Naisbitt,gnaisbittlu@europa.eu,Male,88.57.198.18
788,Royce,Roff,rrofflv@gizmodo.com,Male,209.134.57.20
789,Tabb,Legier,tlegierlw@aol.com,Male,252.15.4.155
790,Freida,McCreery,fmccreerylx@cocolog-nifty.com,Female,104.161.248.61
791,Tricia,Dumbreck,tdumbreckly@upenn.edu,Female,59.142.18.15
792,Chaunce,Brito,cbritolz@springer.com,Male,60.139.223.212
793,Adela,Buist,abuistm0@wired.com,Female,106.175.215.211
794,Bryce,Greensite,bgreensitem1@sourceforge.net,Male,58.160.103.11
795,Pietrek,Rogers,progersm2@bluehost.com,Male,80.169.151.60
796,Caesar,Heitz,cheitzm3@51.la,Male,85.103.163.62
797,Hadley,Woolen,hwoolenm4@earthlink.net,Male,119.96.178.234
798,Addy,McLaggan,amclagganm5@feedburner.com,Female,229.13.138.167
799,Leonora,Obin,lobinm6@apache.org,Female,58.118.233.58
800,Cloe,Junkin,cjunkinm7@geocities.com,Female,185.185.16.255
801,Demetre,Bodicum,dbodicumm8@squarespace.com,Male,84.5.198.79
802,Faith,Dy,fdym9@go.com,Female,149.103.70.53
803,Johanna,McReynold,jmcreynoldma@linkedin.com,Female,55.217.243.177
804,Elizabeth,Davidovics,edavidovicsmb@phoca.cz,Female,6.191.204.255
805,Ambrosio,Gales,agalesmc@upenn.edu,Male,169.98.208.40
806,Killian,Ropars,kroparsmd@free.fr,Male,140.77.208.124
807,Karleen,Spenceley,kspenceleyme@upenn.edu,Female,235.89.86.198
808,Chlo,Ilsley,cilsleymf@ask.com,Female,136.161.36.209
809,Gunar,Crier,gcriermg@engadget.com,Male,182.246.183.216
810,Clovis,Setter,csettermh@craigslist.org,Female,182.187.42.24
811,Gabbie,Helks,ghelksmi@purevolume.com,Female,59.221.189.255
812,Conrado,Ashbee,cashbeemj@vk.com,Male,121.24.202.34
813,Barret,Maddy,bmaddymk@feedburner.com,Male,159.54.170.67
814,Bliss,Lewinton,blewintonml@elpais.com,Female,184.238.78.204
815,Minnie,Dale,mdalemm@omniture.com,Female,244.179.233.223
816,Kat,Stillmann,kstillmannmn@ow.ly,Female,139.92.203.67
817,Antonina,Pitfield,apitfieldmo@google.ca,Female,174.109.42.135
818,Jodi,O'Reagan,joreaganmp@ifeng.com,Female,57.122.206.247
819,Rosabelle,Leighfield,rleighfieldmq@soundcloud.com,Female,255.178.90.108
820,Almeta,Suter,asutermr@squarespace.com,Female,184.159.70.94
821,Spike,Lackemann,slackemannms@domainmarket.com,Male,87.116.103.227
822,Fitz,Boyack,fboyackmt@shop-pro.jp,Male,106.234.78.121
823,Bard,Mathes,bmathesmu@uol.com.br,Male,119.118.208.81
824,Marsiella,Wozencroft,mwozencroftmv@java.com,Female,240.136.67.229
825,Austine,Jouannin,ajouanninmw@1688.com,Female,217.136.102.226
826,Ferne,Trout,ftroutmx@e-recht24.de,Female,34.111.79.31
827,Babbie,Bennie,bbenniemy@cbslocal.com,Female,80.201.199.223
828,Fowler,Lockery,flockerymz@dedecms.com,Male,56.207.137.120
829,Francklin,Goode,fgooden0@unblog.fr,Male,27.129.217.84
830,Dyann,Simukov,dsimukovn1@lycos.com,Female,57.156.248.126
831,Boigie,Dudley,bdudleyn2@bluehost.com,Male,127.71.220.253
832,Beatrisa,Gartenfeld,bgartenfeldn3@wiley.com,Female,214.107.137.10
833,Tyrus,Umbert,tumbertn4@acquirethisname.com,Male,249.78.222.172
834,Barron,Walewski,bwalewskin5@ibm.com,Male,22.133.208.59
835,Dean,McClean,dmccleann6@miibeian.gov.cn,Male,142.84.70.202
836,Bret,Fulep,bfulepn7@nhs.uk,Male,64.228.90.186
837,Ewart,Gaitley,egaitleyn8@cmu.edu,Male,104.211.80.109
838,Woodman,Glason,wglasonn9@ehow.com,Male,211.92.52.251
839,Philipa,Indgs,pindgsna@flavors.me,Female,132.215.59.139
840,Salaidh,Smeath,ssmeathnb@examiner.com,Female,191.235.93.186
841,Tamar,Hallut,thallutnc@reference.com,Female,155.53.150.232
842,Stinky,Girardetti,sgirardettind@flickr.com,Male,221.65.214.12
843,Marisa,Gittings,mgittingsne@mail.ru,Female,220.116.240.199
844,Lucien,Maris,lmarisnf@i2i.jp,Male,56.178.113.52
845,Eada,Ekins,eekinsng@sakura.ne.jp,Female,130.18.21.173
846,Elston,Balderstone,ebalderstonenh@gov.uk,Male,138.133.131.164
847,Lutero,D'Aulby,ldaulbyni@cmu.edu,Male,160.105.141.117
848,Wally,Mallam,wmallamnj@yolasite.com,Female,128.217.76.56
849,Jennine,Kelle,jkellenk@ucoz.com,Female,106.35.47.147
850,Jo-ann,Lidgerton,jlidgertonnl@sogou.com,Female,60.81.125.28
851,Rheta,Allix,rallixnm@dot.gov,Female,69.185.225.252
852,Daffy,Estick,desticknn@comsenz.com,Female,105.122.133.142
853,Giulia,Hartas,ghartasno@examiner.com,Female,211.205.252.110
854,Stanfield,Tanguy,stanguynp@icio.us,Male,61.183.211.214
855,Bess,McGing,bmcgingnq@upenn.edu,Female,177.26.84.143
856,Elyn,Belin,ebelinnr@goo.gl,Female,229.95.6.64
857,Caspar,Lythgoe,clythgoens@bbc.co.uk,Male,239.217.123.242
858,Kerstin,Houlaghan,khoulaghannt@imageshack.us,Female,31.169.248.47
859,Kelwin,Joysey,kjoyseynu@addtoany.com,Male,50.65.17.30
860,Cornie,Jumont,cjumontnv@npr.org,Male,162.123.243.204
861,Candis,Powdrell,cpowdrellnw@google.ru,Female,229.94.40.32
862,Biddy,Havesides,bhavesidesnx@prlog.org,Female,251.39.168.212
863,Ab,Amps,aampsny@nifty.com,Male,51.156.93.166
864,Beaufort,Garvill,bgarvillnz@cisco.com,Male,143.70.47.175
865,Esmaria,Fullman,efullmano0@jiathis.com,Female,137.42.163.24
866,Shadow,Rochford,srochfordo1@google.fr,Male,98.248.25.25
867,Nanci,Grigorushkin,ngrigorushkino2@pcworld.com,Female,214.48.1.16
868,Garrard,Larn,glarno3@bigcartel.com,Male,10.3.110.193
869,Adriaens,Cromar,acromaro4@craigslist.org,Female,15.185.89.173
870,Kaiser,Brimelow,kbrimelowo5@cnn.com,Male,229.39.247.124
871,Hallsy,Deluce,hdeluceo6@symantec.com,Male,1.210.137.60
872,Terrel,Dignam,tdignamo7@ox.ac.uk,Male,152.21.33.68
873,Bessie,McRamsey,bmcramseyo8@wufoo.com,Female,144.108.33.182
874,Erik,Simonyi,esimonyio9@independent.co.uk,Male,252.229.162.186
875,Carlye,Vlasenko,cvlasenkooa@cbsnews.com,Female,130.195.215.61
876,Emerson,Drury,edruryob@flavors.me,Male,154.129.245.59
877,Lizzie,Fassbindler,lfassbindleroc@geocities.com,Female,0.191.115.75
878,Barby,Josefer,bjoseferod@g.co,Female,37.65.6.30
879,Padriac,Chapman,pchapmanoe@cmu.edu,Male,127.204.1.1
880,Kelley,Thorogood,kthorogoodof@sciencedaily.com,Female,131.93.186.200
881,Brantley,Considine,bconsidineog@arizona.edu,Male,243.67.29.19
882,Ashley,Thompson,athompsonoh@dot.gov,Female,81.152.31.93
883,Elaine,Coverly,ecoverlyoi@webeden.co.uk,Female,178.192.123.244
884,Corey,Cail,ccailoj@salon.com,Male,47.101.251.217
885,Rafi,Stiller,rstillerok@surveymonkey.com,Male,5.114.238.210
886,Harriette,Saul,hsaulol@dailymail.co.uk,Female,246.149.156.231
887,Cindie,Joliffe,cjoliffeom@icio.us,Female,239.197.198.173
888,Yardley,Hackelton,yhackeltonon@ft.com,Male,126.173.189.99
889,Mischa,Littleproud,mlittleproudoo@bloglovin.com,Male,173.109.160.89
890,Reinaldos,Feldfisher,rfeldfisherop@blog.com,Male,226.237.36.144
891,Jedidiah,McMichan,jmcmichanoq@4shared.com,Male,153.87.84.127
892,Wilfred,MacTimpany,wmactimpanyor@goo.gl,Male,31.82.132.105
893,Dennison,Found,dfoundos@blogs.com,Male,3.123.35.140
894,Peyter,Bernardot,pbernardotot@forbes.com,Male,180.145.148.47
895,Barbie,Trunks,btrunksou@blogspot.com,Female,52.163.27.243
896,Wolfgang,Gerriet,wgerrietov@yellowbook.com,Male,113.97.161.38
897,Deane,Diss,ddissow@shareasale.com,Male,175.81.178.245
898,Kenyon,Murrow,kmurrowox@earthlink.net,Male,148.125.101.107
899,Julio,Wybern,jwybernoy@livejournal.com,Male,39.137.51.248
900,Morry,Puckrin,mpuckrinoz@youku.com,Male,116.254.84.231
901,Jackson,Libbis,jlibbisp0@webnode.com,Male,164.79.199.118
902,Nikita,O'Grada,nogradap1@opensource.org,Male,147.84.32.199
903,Pris,Mordue,pmorduep2@wikispaces.com,Female,7.119.137.168
904,Nerte,Maw,nmawp3@bigcartel.com,Female,73.57.123.75
905,Maggie,Gilbart,mgilbartp4@github.io,Female,197.200.183.101
906,Merry,Adlard,madlardp5@unicef.org,Male,226.170.160.41
907,Carri,Tayspell,ctayspellp6@washington.edu,Female,39.152.253.203
908,Gabie,Mearing,gmearingp7@jimdo.com,Female,39.51.210.69
909,Mae,Sunners,msunnersp8@bbb.org,Female,152.31.251.58
910,Cahra,Danihel,cdanihelp9@twitpic.com,Female,196.224.189.108
911,Sergio,Jambrozek,sjambrozekpa@nih.gov,Male,113.194.110.169
912,Curt,Harrisson,charrissonpb@biblegateway.com,Male,54.33.41.242
913,Calvin,Asmus,casmuspc@google.it,Male,212.69.48.119
914,Sawyer,Tarquini,starquinipd@state.tx.us,Male,28.243.155.93
915,Ban,Lavelle,blavellepe@amazon.co.uk,Male,64.184.193.108
916,Alford,MacLeod,amacleodpf@youku.com,Male,7.37.187.104
917,Bren,Babber,bbabberpg@who.int,Male,75.98.245.93
918,Frederic,Blampy,fblampyph@google.ru,Male,190.10.20.166
919,Julieta,Walliker,jwallikerpi@elpais.com,Female,46.2.0.71
920,Dionysus,Greenman,dgreenmanpj@bloglines.com,Male,102.61.66.1
921,Martin,Latus,mlatuspk@usgs.gov,Male,69.131.210.23
922,Marlowe,Lippiett,mlippiettpl@businessweek.com,Male,131.44.174.4
923,Darrell,Melwall,dmelwallpm@facebook.com,Male,111.0.106.208
924,Margaux,Pantecost,mpantecostpn@exblog.jp,Female,29.164.133.174
925,Angelico,Becconsall,abecconsallpo@hibu.com,Male,158.39.39.70
926,Lanie,Sibley,lsibleypp@jimdo.com,Male,129.154.200.218
927,Osmond,Cawdery,ocawderypq@alexa.com,Male,121.151.14.114
928,Bliss,Gibson,bgibsonpr@msn.com,Female,155.96.39.51
929,Filbert,Beekmann,fbeekmannps@go.com,Male,253.123.125.122
930,Adaline,Strooband,astroobandpt@illinois.edu,Female,188.2.80.3
931,Minda,Alentyev,malentyevpu@simplemachines.org,Female,141.253.91.242
932,Chick,Yardley,cyardleypv@mlb.com,Male,193.251.232.71
933,Cesare,Fotitt,cfotittpw@dedecms.com,Male,69.190.255.83
934,Garwood,MacClay,gmacclaypx@bravesites.com,Male,131.52.197.45
935,Peyton,Waberer,pwabererpy@pen.io,Male,15.144.137.100
936,Cornelia,Elwood,celwoodpz@imdb.com,Female,193.234.212.201
937,Annora,Boate,aboateq0@google.co.uk,Female,96.251.230.126
938,Batsheva,Glave,bglaveq1@tumblr.com,Female,16.60.139.242
939,Fitzgerald,Speariett,fspeariettq2@behance.net,Male,198.243.97.195
940,Lucais,Housley,lhousleyq3@uol.com.br,Male,36.111.122.49
941,Waldemar,McCarter,wmccarterq4@timesonline.co.uk,Male,82.215.215.38
942,Clint,Lent,clentq5@miitbeian.gov.cn,Male,147.7.0.15
943,Crissie,Koomar,ckoomarq6@jiathis.com,Female,240.136.116.114
944,Cole,De Marchi,cdemarchiq7@dailymotion.com,Male,1.104.128.136
945,Ludwig,Escott,lescottq8@themeforest.net,Male,58.79.81.127
946,Donny,de Wilde,ddewildeq9@opera.com,Male,32.131.234.87
947,Noland,Catford,ncatfordqa@cocolog-nifty.com,Male,217.8.43.34
948,Caron,Jessop,cjessopqb@51.la,Female,185.143.18.169
949,Rikki,Fortnum,rfortnumqc@edublogs.org,Female,233.191.193.22
950,Vivianne,Prestney,vprestneyqd@myspace.com,Female,98.255.158.33
951,Moises,Eslinger,meslingerqe@timesonline.co.uk,Male,10.43.250.172
952,Emlen,Samarth,esamarthqf@google.com.hk,Male,108.32.255.72
953,Isidor,Beuscher,ibeuscherqg@dell.com,Male,169.157.196.7
954,Abagael,Frankum,afrankumqh@fastcompany.com,Female,251.185.80.153
955,Alexina,Eddie,aeddieqi@fotki.com,Female,132.73.197.72
956,Erda,Hiddsley,ehiddsleyqj@examiner.com,Female,175.241.30.93
957,Fae,Beetlestone,fbeetlestoneqk@zdnet.com,Female,20.142.93.138
958,Packston,Moakes,pmoakesql@google.pl,Male,17.130.156.151
959,Merola,Bown,mbownqm@t-online.de,Female,205.43.199.180
960,Otha,Croshaw,ocroshawqn@nih.gov,Female,74.57.252.10
961,Sid,Laye,slayeqo@clickbank.net,Male,8.168.116.21
962,Janice,Mobberley,jmobberleyqp@slashdot.org,Female,21.236.202.254
963,Bail,La Batie,blabatieqq@desdev.cn,Male,13.94.42.3
964,Julie,Kuzemka,jkuzemkaqr@goodreads.com,Male,65.125.161.196
965,Dare,Josling,djoslingqs@scribd.com,Male,209.20.128.175
966,Anna-maria,Sommerlie,asommerlieqt@psu.edu,Female,105.22.182.8
967,Marissa,Clymer,mclymerqu@123-reg.co.uk,Female,91.25.126.100
968,Papageno,Pedlingham,ppedlinghamqv@scientificamerican.com,Male,216.158.74.160
969,Nissie,Pischel,npischelqw@cdc.gov,Female,6.127.250.249
970,Maurene,Tumpane,mtumpaneqx@sbwire.com,Female,106.36.174.32
971,Perl,Whyke,pwhykeqy@123-reg.co.uk,Female,213.15.5.249
972,Ewell,Pendell,ependellqz@blogspot.com,Male,1.40.252.100
973,Brunhilda,MacKinnon,bmackinnonr0@rambler.ru,Female,147.30.119.190
974,Emera,Hendin,ehendinr1@cnbc.com,Female,187.83.253.109
975,Charlean,Riggert,criggertr2@amazon.co.jp,Female,250.224.111.201
976,Bonita,Espadater,bespadaterr3@comcast.net,Female,83.221.82.59
977,Dre,Van der Linde,dvanderlinder4@flickr.com,Female,50.171.30.239
978,Bobbye,Spiteri,bspiterir5@shop-pro.jp,Female,60.60.151.26
979,Dawna,Gunter,dgunterr6@vinaora.com,Female,191.66.227.193
980,Ronny,Valero,rvaleror7@twitpic.com,Male,47.87.221.25
981,Reider,Coetzee,rcoetzeer8@lulu.com,Male,119.186.124.171
982,Ursa,Bawles,ubawlesr9@ebay.com,Female,174.133.38.74
983,Bronson,Halgarth,bhalgarthra@latimes.com,Male,55.251.180.97
984,Dall,Segges,dseggesrb@microsoft.com,Male,40.57.171.1
985,Gaven,Beaby,gbeabyrc@altervista.org,Male,95.143.245.192
986,Nickie,McCafferky,nmccafferkyrd@a8.net,Male,198.63.76.87
987,Roth,Heinel,rheinelre@huffingtonpost.com,Male,15.140.47.131
988,Jermayne,Carpenter,jcarpenterrf@myspace.com,Male,107.175.56.190
989,Michelle,Hailey,mhaileyrg@sina.com.cn,Female,99.215.166.28
990,Norah,Rash,nrashrh@ning.com,Female,220.151.51.184
991,Pavlov,Gladhill,pgladhillri@nyu.edu,Male,178.186.135.139
992,Christal,Algy,calgyrj@exblog.jp,Female,77.210.28.235
993,Lucine,Mulqueen,lmulqueenrk@time.com,Female,46.215.217.232
994,Alvie,Dewhurst,adewhurstrl@ted.com,Male,206.42.95.53
995,Gabbey,Daniellot,gdaniellotrm@spotify.com,Female,199.135.34.209
996,Peder,Vaszoly,pvaszolyrn@icq.com,Male,54.242.188.4
997,Mayer,Scarce,mscarcero@japanpost.jp,Male,31.63.80.7
998,Sammie,Malkie,smalkierp@nydailynews.com,Male,62.31.231.75
999,Gabriela,Merrell,gmerrellrq@biblegateway.com,Female,194.131.217.135
1000,Nady,Blackall,nblackallrr@webeden.co.uk,Female,87.200.155.219
